buy_batch_1	0x69d9e7cce47b3f4e216beff013ac1877024d137f1015be24ca10380963e2edac
pause	0x44579251574633bc7d54792e1a575dc23a381e99fb4fb5353d873e2d72fa6aa7
schedule_unpause	0x1f97216101f39e8940626ddb70718726635cf043abc3d5f04a57f230bbb4433a
execute_unpause	0x6884dd8e7d1f6540735c1bc27ceae299ff992d8d2f30f1b2103651aaff90de8b
closeBatchReturn_1	0xf82e12254877fe4c14c21db62239858f079667304cbc151ef801c2d574796115
buy_batch_2	0x189b07a184ac9c8c6bad465d6ae2856a0a93c03a471f3c28df050e4bcf4a89c6
buy_batch_1	0x32d4c221f25d581e7cfbf51d9e27930b94e452b5afd406d4b7f55133ba226e82
pause	0x78539a69a91dd0267cda79621cad741658125084082bf4d3ce0eb6229f7a9d7c
schedule_unpause	0x8c96775b9fed6911b6b53e0fbf0d6e2ba090846917b18e07876dc23b7a4970e7
closeBatchReturn_2	0x8d811af8bcde5fc6d9ef9525d060af55cf253d3dbf1781989f0141b8b47053a0
buy_batch_3	0x824b7f530d5bfc5df230aee4f3b7bd7c28fddb99403ad25c1e04c57fc3b4f04e
execute_unpause	0x2cce5f689ebfd674a1b3ea24f392df004ea6b9aa71fea1c6ebc59554d28aee7a
closeBatchReturn_1	0xfd1245a687be8f52b227554dbfcf34fd8c389e8b452f1573806421b432c9b135
buy_batch_2	0x1a7dc2d23a76dcc4c9b2d04a1447771cbf8cb82e462692d9874e4499c17a5a17
closeBatchReturn_3	0xa4625bd159013231c196ec7b3d7a8c616ea93149d8b3136abedc60c4d5f6bac8
buy_batch_4	0xa2f719056143ea1839e6597bf2bc0854bebbe40962d2da15d5bfe68f66264006
closeBatchReturn_2	0x56a163e47e45c2a7592b788bb4b08377563a6c05abfd2fc8e44753dc3aca7cac
buy_batch_3	0x630dec71d2c34e4613504cc58bb83f7a3a60cc36166ad3818ce7369f4031d598
closeBatchReturn_4	0xd18fdf20bce162b921780fa9809b4221fc4b1911074d807e4f148119f34ecf5e
buy_batch_5	0xb6be08d11ee92794e3266c4972340cb7f79fa667583884421c89ecc2c28c49e1
closeBatchReturn_3	0xd339101be77f11ca0fb06c4e2ed05faf750b62a5c13c8c21669be27a7cc9b111
buy_batch_4	0xb6361f1ec3b0ff66a09b1af804d66200dec1a9559d693ef38af2f89a2591ccfa
closeBatchReturn_5	0xbd04160a71d9f840a18e0ed6dbd30c0b12f6dabef259ee1fa9689340ad8ea7f4
schedule_rescue_junk	0x91f1bc53761dce5c158464049fd01d36e4cd07709af0f03849552c1a80f7a176
execute_rescue_junk	0xe273b2465dcf88f977483a9a592526931ff8e2fea001b0e773fd3b222629e664
schedule_vault_uups	0xffb84031059180f5d813a81be994b94444bb1a849d2ca9963d6a86b965df1903
closeBatchReturn_4	0xd3a1f812a4207ceccd8a1333763ee33a18bc87c49efeb8cc02150724d87cca9d
buy_batch_5	0x7a99796eb521341a6bea63f9ba2f87bff2a45cdbee0eeb62a0fa62823fbc57fd
execute_vault_uups	0x30188e002bcba003afc4441b528fbc07923c7f75aa4fd218595da6ad91b8f77a
delegate_self	0xf07158d92089130c646882bae6735af119fb25a641b2b6082016b1c9199cea69
gov_propose_burn	0x5643762b5de2ea7b09a083091617c495f64af40b9f2c26d2b60cb22745764a8f
gov_vote_for	0xf98002cb19837b997654e2f109325d81780d55917e6601870426322466c67289
closeBatchReturn_5	0x59be0b604c6a81999ed726f3c019f8ccabac455d823149b164eb96023829e137
schedule_rescue_junk	0xba344633eeb8390f71c653a0d6fd6117e62c208f13ef34056ae2eb0b6eae0a7a
execute_rescue_junk	0x63e7c9878a895d8ee72834c8c202b0f28f3063640226208f75f6b995cbb3f9a0
schedule_vault_uups	0x988465e81469a2b11edfb18b50f75720344dce17c6440c0adf0303bdb2f03cf3
execute_vault_uups	0xfab3dbdab4dd5fa9a35a9ddf34e924384bf7690abc2dfdb79b1f795e6bbadcbc
delegate_self	0x456985d40ec97d67fe7fe803a6de1e7da00bf200ba9edfe70b320acb567058b0
gov_propose_burn	0x1ce15b1e18167fa70451324c692f87ecb6ade4dcb34db2d8a26788a2da10aa68
gov_vote_for	0x7e14c6e0abce10185928ec1ec5128e53eeeb0dca0652475e4f5fc94b338fe7da
gov_queue	0xedc2f4ddde85c4037e8f0e0dd2a6ccff112f633547b4bf9a488ba72228b4a843
gov_execute_burn	0x7245e3dd2c906c24f1cab2d282d61e8998f298985a72b9d260b91c73de3782b6
