buy_batch_1	0xe3160938d1047c721e29ef38dff14e7252c16dee7b9df18892c1f7235c20a0b1
pause	0xbcaf13f2da4aadfcf6dbf0bbb31bdab889c773c3e40d0926a7eed21fd1a18688
unpause	0x84074afe9bda1c342ab10cb6485fd0d477ddec5ccee9d0a4736c6271ca737540
closeBatchReturn_1	0x6b9162b2827c78cd8e98d1f43e8aee45dee95b7fac3778b2fe672d2b427cfadd
buy_batch_2	0xf5692b882a7c2d29fae4fe66aa66b1a2cbefc30cae92d49499ffb52d01bff2e8
closeBatchReturn_2	0x21910b0a9411adcb76a1dc0f686fc478fdbd6cc4f4da4755e8703d9751fdecf9
buy_batch_3	0xee80cdcc9b6d5167ac1a30f861647e613d2878a655fde9db557d75480ff3f45d
closeBatchReturn_3	0x48adb585d7c225f5e40b21292bcc851f99910bcf10e65bda697f926f72e1e999
buy_batch_4	0x4de8015ce88b66face25fa426eee6f88382fcb66057a3624278d4cd29165e49a
closeBatchReturn_4	0x29c16d43cbfb5b35b99c4cdf1546e541e0263898dfc358c41bf722bbe3b32c2b
buy_batch_5	0xae35922c91686145ec0672c778d31d758a203cfe417524103f6d9d42b46a6155
closeBatchBurn_5	0xe2720030cf61d57187533543f3b934017635b015e563878a520d4ecdf892431d
