idx,page_tsx_path,layout_sidecar,user_path,primary_round,role_guess,key_api_or_ui_contract,appendix_b_axes,playwright_ref,vitest_ref,d3_hand,status_93,gap_issue,controls_notes
1,frontend/app/(home)/page.tsx,Y,,,,,,,,NOT_RUN,,,
2,frontend/app/admin/alerts/incidents/[id]/page.tsx,Y,,,,,,,,NOT_RUN,,,
3,frontend/app/admin/alerts/incidents/page.tsx,Y,,,,,,,,NOT_RUN,,,
4,frontend/app/admin/api-versions/page.tsx,Y,,,,,,,,NOT_RUN,,,
5,frontend/app/admin/approvals/[id]/page.tsx,Y,,,,,,,,NOT_RUN,,,
6,frontend/app/admin/approvals/page.tsx,Y,,,,,,,,NOT_RUN,,,
7,frontend/app/admin/audit/logs/[id]/page.tsx,Y,,,,,,,,NOT_RUN,,,
8,frontend/app/admin/audit/operations/page.tsx,Y,,,,,,,,NOT_RUN,,,
9,frontend/app/admin/audit/page.tsx,Y,,,,,,,,NOT_RUN,,,
10,frontend/app/admin/community/abuse-policy/page.tsx,Y,,,,,,,,NOT_RUN,,,
11,frontend/app/admin/community/appeals/page.tsx,Y,,,,,,,,NOT_RUN,,,
12,frontend/app/admin/community/appeals/review/page.tsx,Y,,,,,,,,NOT_RUN,,,
13,frontend/app/admin/community/comments/visibility/page.tsx,Y,,,,,,,,NOT_RUN,,,
14,frontend/app/admin/community/moderation/cases/page.tsx,Y,,,,,,,,NOT_RUN,,,
15,frontend/app/admin/community/penalties/page.tsx,Y,,,,,,,,NOT_RUN,,,
16,frontend/app/admin/community/policy-change-logs/page.tsx,Y,,,,,,,,NOT_RUN,,,
17,frontend/app/admin/community/ranking/snapshots/page.tsx,Y,,,,,,,,NOT_RUN,,,
18,frontend/app/admin/community/reports/page.tsx,Y,,,,,,,,NOT_RUN,,,
19,frontend/app/admin/community/risk-signals/page.tsx,Y,,,,,,,,NOT_RUN,,,
20,frontend/app/admin/compliance/requests/[requestId]/events/page.tsx,Y,,,,,,,,NOT_RUN,,,
21,frontend/app/admin/compliance/requests/[requestId]/update/page.tsx,Y,,,,,,,,NOT_RUN,,,
22,frontend/app/admin/compliance/requests/page.tsx,Y,,,,,,,,NOT_RUN,,,
23,frontend/app/admin/config/page.tsx,Y,,,,,,,,NOT_RUN,,,
24,frontend/app/admin/config/releases/[id]/page.tsx,Y,,,,,,,,NOT_RUN,,,
25,frontend/app/admin/config/releases/page.tsx,Y,,,,,,,,NOT_RUN,,,
26,frontend/app/admin/cross-check/page.tsx,Y,,,,,,,,NOT_RUN,,,
27,frontend/app/admin/disputes/[id]/page.tsx,Y,,,,,,,,NOT_RUN,,,
28,frontend/app/admin/disputes/page.tsx,Y,,,,,,,,NOT_RUN,,,
29,frontend/app/admin/drift-summary/page.tsx,Y,,,,,,,,NOT_RUN,,,
30,frontend/app/admin/fee-router/page.tsx,Y,,,,,,,,NOT_RUN,,,
31,frontend/app/admin/finance-reconciliation/page.tsx,Y,,,,,,,,NOT_RUN,,,
32,frontend/app/admin/finance/page.tsx,Y,,,,,,,,NOT_RUN,,,
33,frontend/app/admin/flags/page.tsx,Y,,,,,,,,NOT_RUN,,,
34,frontend/app/admin/guides/[id]/page.tsx,Y,,,,,,,,NOT_RUN,,,
35,frontend/app/admin/guides/page.tsx,Y,,,,,,,,NOT_RUN,,,
36,frontend/app/admin/indexer/page.tsx,Y,,,,,,,,NOT_RUN,,,
37,frontend/app/admin/indexer/reconcile-reports/page.tsx,Y,,,,,,,,NOT_RUN,,,
38,frontend/app/admin/indexer/reconcile/[id]/page.tsx,Y,,,,,,,,NOT_RUN,,,
39,frontend/app/admin/internal-tools/audits/page.tsx,Y,,,,,,,,NOT_RUN,,,
40,frontend/app/admin/jobs/page.tsx,Y,,,,,,,,NOT_RUN,,,
41,frontend/app/admin/lifecycle/page.tsx,Y,,,,,,,,NOT_RUN,,,
42,frontend/app/admin/media/access-logs/page.tsx,Y,,,,,,,,NOT_RUN,,,
43,frontend/app/admin/media/signed-url-tokens/page.tsx,Y,,,,,,,,NOT_RUN,,,
44,frontend/app/admin/observability/page.tsx,Y,,,,,,,,NOT_RUN,,,
45,frontend/app/admin/orders/[id]/page.tsx,Y,,,,,,,,NOT_RUN,,,
46,frontend/app/admin/orders/page.tsx,Y,,,,,,,,NOT_RUN,,,
47,frontend/app/admin/page.tsx,Y,,,,,,,,NOT_RUN,,,
48,frontend/app/admin/policies/page.tsx,Y,,,,,,,,NOT_RUN,,,
49,frontend/app/admin/region-vault/page.tsx,Y,,,,,,,,NOT_RUN,,,
50,frontend/app/admin/reviews/[id]/page.tsx,Y,,,,,,,,NOT_RUN,,,
51,frontend/app/admin/reviews/page.tsx,Y,,,,,,,,NOT_RUN,,,
52,frontend/app/admin/scheduler/jobs/page.tsx,Y,,,,,,,,NOT_RUN,,,
53,frontend/app/admin/schema/page.tsx,Y,,,,,,,,NOT_RUN,,,
54,frontend/app/admin/secrets/metadata/page.tsx,Y,,,,,,,,NOT_RUN,,,
55,frontend/app/admin/tenants/scopes/page.tsx,Y,,,,,,,,NOT_RUN,,,
56,frontend/app/admin/trust-growth/page.tsx,Y,,,,,,,,NOT_RUN,,,
57,frontend/app/admin/users/[id]/page.tsx,Y,,,,,,,,NOT_RUN,,,
58,frontend/app/admin/users/page.tsx,Y,,,,,,,,NOT_RUN,,,
59,frontend/app/auth/forgot-password/page.tsx,Y,,,,,,,,NOT_RUN,,,
60,frontend/app/auth/login/page.tsx,Y,,,,,,,,NOT_RUN,,,
61,frontend/app/auth/register/page.tsx,Y,,,,,,,,NOT_RUN,,,
62,frontend/app/auth/reset-password/page.tsx,Y,,,,,,,,NOT_RUN,,,
63,frontend/app/auth/verify-email/page.tsx,Y,,,,,,,,NOT_RUN,,,
64,frontend/app/community/activity/page.tsx,Y,,,,,,,,NOT_RUN,,,
65,frontend/app/community/explore/page.tsx,Y,,,,,,,,NOT_RUN,,,
66,frontend/app/community/feedback/page.tsx,Y,,,,,,,,NOT_RUN,,,
67,frontend/app/community/friends/page.tsx,Y,,,,,,,,NOT_RUN,,,
68,frontend/app/community/me/collects/page.tsx,Y,,,,,,,,NOT_RUN,,,
69,frontend/app/community/me/likes/page.tsx,Y,,,,,,,,NOT_RUN,,,
70,frontend/app/community/me/page.tsx,Y,,,,,,,,NOT_RUN,,,
71,frontend/app/community/me/posts/page.tsx,Y,,,,,,,,NOT_RUN,,,
72,frontend/app/community/me/reports/[id]/page.tsx,Y,,,,,,,,NOT_RUN,,,
73,frontend/app/community/me/reports/page.tsx,Y,,,,,,,,NOT_RUN,,,
74,frontend/app/community/messages/[id]/page.tsx,Y,,,,,,,,NOT_RUN,,,
75,frontend/app/community/messages/page.tsx,Y,,,,,,,,NOT_RUN,,,
76,frontend/app/community/page.tsx,Y,,,,,,,,NOT_RUN,,,
77,frontend/app/community/post/[id]/page.tsx,Y,,,,,,,,NOT_RUN,,,
78,frontend/app/community/topic/[tag]/page.tsx,Y,,,,,,,,NOT_RUN,,,
79,frontend/app/community/tt/page.tsx,Y,,,,,,,,NOT_RUN,,,
80,frontend/app/community/user/[id]/page.tsx,Y,,,,,,,,NOT_RUN,,,
81,frontend/app/did-rank/page.tsx,Y,,,,,,,,NOT_RUN,,,
82,frontend/app/discover/page.tsx,Y,,,,,,,,NOT_RUN,,,
83,frontend/app/disputes/[id]/page.tsx,Y,,,,,,,,NOT_RUN,,,
84,frontend/app/disputes/page.tsx,Y,,,,,,,,NOT_RUN,,,
85,frontend/app/escrow/[id]/page.tsx,Y,,,,,,,,NOT_RUN,,,
86,frontend/app/escrow/[id]/rate/page.tsx,Y,,,,,,,,NOT_RUN,,,
87,frontend/app/governance/delegate/page.tsx,Y,,,,,,,,NOT_RUN,,,
88,frontend/app/governance/distribution-accruals/[id]/page.tsx,Y,,,,,,,,NOT_RUN,,,
89,frontend/app/governance/distribution-accruals/page.tsx,Y,,,,,,,,NOT_RUN,,,
90,frontend/app/governance/distribution-claim/page.tsx,Y,,,,,,,,NOT_RUN,,,
91,frontend/app/governance/fee-routes/page.tsx,Y,,,,,,,,NOT_RUN,,,
92,frontend/app/governance/page.tsx,Y,,,,,,,,NOT_RUN,,,
93,frontend/app/governance/params/page.tsx,Y,,,,,,,,NOT_RUN,,,
94,frontend/app/governance/proposals/[id]/page.tsx,Y,,,,,,,,NOT_RUN,,,
95,frontend/app/governance/proposals/page.tsx,Y,,,,,,,,NOT_RUN,,,
96,frontend/app/governance/vault-forwards/page.tsx,Y,,,,,,,,NOT_RUN,,,
97,frontend/app/guide/page.tsx,Y,,,,,,,,NOT_RUN,,,
98,frontend/app/guide/register/page.tsx,Y,,,,,,,,NOT_RUN,,,
99,frontend/app/guides/[id]/page.tsx,Y,,,,,,,,NOT_RUN,,,
100,frontend/app/guides/page.tsx,Y,,,,,,,,NOT_RUN,,,
101,frontend/app/help/page.tsx,Y,,,,,,,,NOT_RUN,,,
102,frontend/app/itinerary/new/page.tsx,Y,,,,,,,,NOT_RUN,,,
103,frontend/app/market/acquisition/[id]/page.tsx,Y,,,,,,,,NOT_RUN,,,
104,frontend/app/market/acquisition/page.tsx,Y,,,,,,,,NOT_RUN,,,
105,frontend/app/market/page.tsx,Y,,,,,,,,NOT_RUN,,,
106,frontend/app/market/provider/page.tsx,Y,,,,,,,,NOT_RUN,,,
107,frontend/app/market/provider/showcase/[id]/page.tsx,Y,,,,,,,,NOT_RUN,,,
108,frontend/app/me/identities/page.tsx,Y,,,,,,,,NOT_RUN,,,
109,frontend/app/me/onboarding/page.tsx,N,,,,,,,,NOT_RUN,,,
110,frontend/app/me/page.tsx,Y,,,,,,,,NOT_RUN,,,
111,frontend/app/me/password/page.tsx,Y,,,,,,,,NOT_RUN,,,
112,frontend/app/me/security/page.tsx,N,,,,,,,,NOT_RUN,,,
113,frontend/app/network/page.tsx,Y,,,,,,,,NOT_RUN,,,
114,frontend/app/orders/[id]/page.tsx,Y,,,,,,,,NOT_RUN,,,
115,frontend/app/orders/new/page.tsx,Y,,,,,,,,NOT_RUN,,,
116,frontend/app/orders/page.tsx,Y,,,,,,,,NOT_RUN,,,
117,frontend/app/pay/page.tsx,Y,,,,,,,,NOT_RUN,,,
118,frontend/app/privacy/page.tsx,Y,,,,,,,,NOT_RUN,,,
119,frontend/app/staking/page.tsx,Y,,,,,,,,NOT_RUN,,,
120,frontend/app/terms/community-guidelines/page.tsx,Y,,,,,,,,NOT_RUN,,,
121,frontend/app/terms/page.tsx,Y,,,,,,,,NOT_RUN,,,
122,frontend/app/traveltrust/page.tsx,Y,,,,,,,,NOT_RUN,,,
123,frontend/app/trust/page.tsx,Y,,,,,,,,NOT_RUN,,,
